"Distribution","ডিস্ট্রিবিউশন"
"Distribution Workspace","ডিস্ট্রিবিউশন ওয়ার্কস্পেস"
"Reckon Distribution Admin","রেকন ডিস্ট্রিবিউশন অ্যাডমিন"
"Reckon Distribution Manager","রেকন ডিস্ট্রিবিউশন ম্যানেজার"
"Reckon Distribution User","রেকন ডিস্ট্রিবিউশন ব্যবহারকারী"
"Reckon Vendor Superuser","রেকন ভেন্ডর সুপারইউজার"
"Reckon Master Data Manager","রেকন মাস্টার ডেটা ম্যানেজার"
"Tenant User Assignment","টেন্যান্ট ব্যবহারকারী বরাদ্দ"
"Company","কোম্পানি"
"Active","সক্রিয়"
"Default Assignment","ডিফল্ট বরাদ্দ"
